,file1,file2,type,seq1,seq2,score
0,sequences/prot-0004.fa,sequences/prot-0008.fa,pos,VKNTPEMAAQAQ,VQNDPFFAKQGQ,38
1,sequences/prot-0031.fa,sequences/prot-0034.fa,pos,ADLEDNMETLNDNLKVIEKADNAAQVKDALTKMRAAALD,ASFKQKQQAFQDNIVKLSAAADAG----DLDKLRAAFGD,49
2,sequences/prot-0047.fa,sequences/prot-0050.fa,pos,QEIIKTLNSLTEQKTLCTELTVTDIFAASKNTTEKETFC,QMILNGINNYKNPK--LTRMLTFKFYMPKKATELKHLQC,34
3,sequences/prot-0065.fa,sequences/prot-0069.fa,pos,CNAC--HGTGLLNAPKVGDSAAWKTRADAKGGLDGLLAQSLSGLNAMPPKGTCA-DCSDDELKA,CAACHMGGRNSVMPEKTLDKAALEQYLDGGFKVESIIYQVENGKGAMPA---WADRLSEEEIQA,77
4,sequences/prot-0077.fa,sequences/prot-0082.fa,pos,QDS-EEELIEAFKVFDRDGNGLISAAELRHVMTNLGEKLTDDEVDEMIREADIDGDGHINYEEFVRM,QDNDFEDMMTRYKEVN---KGSLSDADYKSMQAS-----LEDEWRDLKGRADINKDDVVSWEEYLAM,69
5,sequences/prot-0098.fa,sequences/prot-0102.fa,pos,QGLGSNLVTE,QGLGASHISK,34
6,sequences/prot-0124.fa,sequences/prot-0125.fa,pos,YEDFQKVYNAIALKLREDDEYDNYIGYGPVLVRLAWHTSGTWDKH--DNTGGSYGGTYRFKKEFNDPSNAGLQNGFKFLEP,YQEARKIVGAMVQIITYR-DYLPL-VLGPTAMRKYLPTYRSYNDSVDPRIANVFTNAFRYGHTLIQPFMFRLDNRYQPMEP,52
7,sequences/prot-0166.fa,sequences/prot-0177.fa,pos,IQFHWKNSNQIKILGNQGSF,IGFIPNHSKKATIAANCSTF,25
8,sequences/prot-0170.fa,sequences/prot-0173.fa,pos,ITVKCSVAD-VYP--FDRLEID,VSLTCSTTGCESPFFSWRTQID,28
9,sequences/prot-0175.fa,sequences/prot-0178.fa,pos,PTVTW,PTIAW,29
10,sequences/prot-0187.fa,sequences/prot-0190.fa,pos,ADKAEIHW--EQQGDNRS--PILHYTIQFNTSFTPASW,A-DIQVRWEAPRNADIQKGWMVLEYELQY-KEVNETKW,35
11,sequences/prot-0240.fa,sequences/prot-0242.fa,pos,REMVIITFKSGETFQVEVP-GSQHIDSQKKAIE,RKMLYLIYVAGISVRVHVSKEEQYYDYEDATFE,37
12,sequences/prot-0271.fa,sequences/prot-0275.fa,pos,CAQPGDSGGSLFAGSTALGLTSGGSGN--CRTGG,CAQEYPP--GIIVESTICGDTSDGKSPCFGDSGG,49
13,sequences/prot-0298.fa,sequences/prot-0300.fa,pos,ISKFLGFWYE---IAFASKMGTPGLAHKEEKMGA-----MVVELKENLLALTT,VDAFLGTWKLVDSKNFDDYMKSLGVGFATRQVASMTKPTTIIEKNGDILTLKT,45
14,sequences/prot-0326.fa,sequences/prot-0327.fa,pos,IDVLLGADDGSLAFVPSEFSISPGEKIVFKNNAGFPHNIVFDEDSIPSGVDASKISMSEEDLLNAKGETFEVALSNKGEYSFYCSPHQGAGMVGKVTV,VKMLNSGPGGMMVFDPALVRLKPGDSIKFLPTDK-GHNVETIKGMAPDGADYVKTTVGQEA---------VVKFDKEGVYGFKCAPHYMMGMVALVVV,129
15,sequences/prot-0354.fa,sequences/prot-0355.fa,pos,FISRHNSNFFSD--KLVLTSVT,FMSQYNPITLQQKRFTILKDVT,24
16,sequences/prot-0357.fa,sequences/prot-0360.fa,pos,AWKKGCLMVKVVMSGNAAVKRSDWASLVQVFLTNSNSTE,A-WTGYSVSKWTASCAA--AEAKVTSAITISLPNELSSE,29
17,sequences/prot-0361.fa,sequences/prot-0364.fa,pos,PGKGIPDRFEGKVVTRKDVLNQSINFTANRDTFILIAPTPGVAYWVADVPAGTFPISTTTFNAV,PGK--GD-ENSKAMLGQQSMPNRPNYIAFRDNF------IGLMYYNSTGNMGVLAGQASQLNAV,52
18,sequences/prot-0369.fa,sequences/prot-0370.fa,pos,LSPHTSGAHGLLVR,LSGEDGGVFGATLR,25
19,sequences/prot-0380.fa,sequences/prot-0384.fa,pos,LVFVDNHDN-QRGH,LAFAERNGMQMRGH,29
20,sequences/prot-0384.fa,sequences/prot-0392.fa,pos,RDSLLAVMKNHITTVMTHYKGKIVEWD,RDRFVGSVKEFLQ-TWKFFDGVDIDWE,34
21,sequences/prot-0410.fa,sequences/prot-0412.fa,pos,KHYASAISVLTDEKYFQGSFNFLPIVSQIA---PQPILCKDFIID,ERYENLFAQLNDR--REG--AFVPFVTLGDPGIEQSLKIIDTLID,36
22,sequences/prot-0459.fa,sequences/prot-0461.fa,pos,EITLALLR-NAISDNVKANK,EYDLKRLRNIGIAAHIDAGK,32
23,sequences/prot-0465.fa,sequences/prot-0466.fa,pos,GLIFVVDSNDRERVNEAREELMRMLAEDELRDAVLLVFANKQD---LPNAMNAAEI,GAILVVSAADG-PMPQTREH--ILLA-RQVGVPYIVVFMNKVDMVDDPELLDLVEM,46
24,sequences/prot-0484.fa,sequences/prot-0485.fa,pos,PMILGYWNVRGLTHPIRLLLEYTDSSYEEKRYAMGDAPDYDRSQWLNEKFKLGLDFPNLPYLIDGSRKITQSNAIMRYLAR,PYTIVYFPVRGRCEAMRMLLADQGQSWKEEVVT------ID--TWMQGLLKPTCLYGQLPKFEDGDLTLYQSNAILRHLGR,110
25,sequences/prot-0507.fa,sequences/prot-0509.fa,pos,INGDGYLHN--VFVRWFNGDVIRPKTWFWQDVKT-RKILGWRCDVSENIDSIRLSFMDVVTRYGIP-EDFHITIDNTRGAA,VTGYGVIRQVGRQLSYLGSGCIRTK---VDDLPSRLKLI--YAGVTEIITQFQPDYFAIEQVFMAKNADSALKLGQARGVA,28
26,sequences/prot-0533.fa,sequences/prot-0534.fa,pos,FPSAGLGAPGSCQTGAATETV,FPNGGKEMP-GCQKNVLSQIV,52
27,sequences/prot-0570.fa,sequences/prot-0572.fa,pos,GNVGTRLSKLDN-GEYDAIILAVA,GGSGKQATSVINGIEADTVTLALA,45
28,sequences/prot-0580.fa,sequences/prot-0615.fa,pos,FNDIEARLAAVLEEAFEAGTSIYNERG,FKDADYA-LLVGAAPLQVNGKIFTEQG,28
29,sequences/prot-0582.fa,sequences/prot-0586.fa,pos,ELKARESEWAENDIKGIYLIGDAEAPRLIA--DATFTGHRVAREIEEANPQIAIPYKRETIAWGTPHMPGG,EIKPDEQFLFHAAAGGVGLIACQWAKALGAKLIGTVGTAQKAQSALKAGAWQVINYREEDLVERLKEITGG,33
30,sequences/prot-0583.fa,sequences/prot-0598.fa,pos,AKEVGATECV----NPQDYKKPIQEVLTEMSNGGVDFSFE,AKELGG-TCVNVGCVPKKVMWHAAQIREAIHMYGPDYGFD,47
31,sequences/prot-0584.fa,sequences/prot-0611.fa,pos,RVILFIGDGSLQLTVQEISTMIRWGLKPYLFVLNNDGYT---IEKLIHGPKAQYNEIQGWDHL,RKVVVVGGGTGGATAAKYIKLADPSIEVTLIEPNTDYYTCYLSNEVIGGDRKLESIKHGYDGL,42
32,sequences/prot-0586.fa,sequences/prot-0590.fa,pos,AQSALKAGAWQV-INYREEDLVERLKEITGGKKVRVV-YDSVGRDTWERSLDCLQR-RGLMVSFGNSSGAVTGVNL,ARQAVAAGARVVLADVLDEEGAATARE--LGDAARYQHLDVTIEEDWQRVVAYAREEFGSVDGLVNNAGISTGMFL,52
33,sequences/prot-0587.fa,sequences/prot-0606.fa,pos,DTPGSDGKIFCGMLNPDKRSMWLADKTDQP,DEVGVFNKDWEGKEFPDK---RLADLIDRP,48
34,sequences/prot-0589.fa,sequences/prot-0591.fa,pos,LIRSGNGLGGSTLVNGGTWTRPHKAQVDSWETVFGNEGWNWDNVAAYSLQAERARAPNAK,LVYGGRGALGSRCVQAFRARNWWVASIDVVENEEASASVIVKMTDSFTEQADQVTAEVGK,34
35,sequences/prot-0590.fa,sequences/prot-0610.fa,pos,VIITGGARGLGAEAARQAVAAGARVVLA,VVVGGGYIGLELGIAYRKLGAQVSVVEA,43
36,sequences/prot-0592.fa,sequences/prot-0601.fa,pos,QNGHDVIILDNLCNSKRSVLPVIE,QDNHTVLVRE-SADPNSAVLETLD,25
37,sequences/prot-0594.fa,sequences/prot-0596.fa,pos,GTARQAL,GAVRSAL,22
38,sequences/prot-0595.fa,sequences/prot-0620.fa,pos,AEVSVNGNNLVVNGKEIIV,AQADIALIGLAVMGQNLIL,29
39,sequences/prot-0597.fa,sequences/prot-0621.fa,pos,DETLKLFKRGAYIVNTARGKLCDRDAVAR--ALESGRLAGYAGDVWFPQP,DKNTKVICQ---GFTGSQGTFHSEQAIAYGTKMVGGVTPGKGGTTHLGLP,27
40,sequences/prot-0600.fa,sequences/prot-0605.fa,pos,LNAPS,LGLPS,18
41,sequences/prot-0602.fa,sequences/prot-0616.fa,pos,GDDLCITSNEAFYLDE,GDNAPIMEDIQSSLDE,25
42,sequences/prot-0605.fa,sequences/prot-0615.fa,pos,LGL-PSEEAFKG,LEIPQAMKALEG,18
43,sequences/prot-0609.fa,sequences/prot-0611.fa,pos,IIGGGPGGYVA--AIRAGQLGIPTVLVEGQALGGTC,VVGGGTGGATAAKYIKLADPSIEVTLIEPNTDYYTC,65
44,sequences/prot-0614.fa,sequences/prot-0616.fa,pos,KVAVLGAAGGIGQALALLLKTQLPSGSELSLYDIAP---VTPGVAVDLS---HIPTAVKIKGFSGEDATPALEGADVVLISAGVRRKPGMDRSDLFNVNAGIVKNLVQQVAKTCPKACIGII-TNPVN,KVSVVGAAGTVGAAAGYNIAL-RDIADEVVFVDIPDKEDDTVGQAADTNHGIAYDSNTRVRQGGYEDT----AGSDVVVITAGIPRQPGQTRIDLAGDNAPIME-DIQSSLDEHNDDYISLTTSNPVD,150
45,sequences/prot-0659.fa,sequences/prot-0661.fa,pos,CNDGRTPGSRNLCNIPCSALLSSDITASVNCAKKIV,CKTA-KPEGLSYCGVPASKTIAERDLKAMDRYKTII,41
46,sequences/prot-0735.fa,sequences/prot-0736.fa,pos,P--MTLPSYAREKAFLGTGHFPAYRDQVWAIAETDLYL,PMMQVIPGGASARPF-ITHHNALDLDMYLRI-APELYL,35
47,sequences/prot-0776.fa,sequences/prot-0779.fa,pos,DSARFRYVLSEEFDAPVQNVEGTILGEHGDAQVPVFSKVRVDGTDPEFSGDEKEQLLGDLQESAMDVIERKGATEWGPARGVAHMVEAILHDTGEVLPASVKLEGEFGHEDTAFGVPVRLGSNGVEEIVEWDLDDYEQDLMADAAEKL,DTARFRFLLGEYFSVAPQNVHAYIIGEHGDTELPVWSQAY-IGVM----PIDLERIFVNVRDAAYQIIEKKGATYYGIAMGLARVTRAILHNENAILTVSAYLDGLYGERDVYIGVPAVINRNGIREVIEIELNDDEKNRFHHSAATL,358
48,sequences/prot-0829.fa,sequences/prot-0832.fa,pos,CVNGGECFMVKDLSNPSRYLCKCQPGFTGARC,CLNQGH---CK--DGIGDYTCTCAEGFEGKNC,75
49,sequences/prot-0860.fa,sequences/prot-0862.fa,pos,ICCTKCH--KGTYLYNDCPGPGQDTDCRECESGSFT--ASENHLRHC,LSCSKCRKEMGQVEISSC-TVDRDTV-CGCRKNQYRHYWSE-NLFQC,59
50,sequences/prot-0018.fa,sequences/prot-0198.fa,neg,DEEMLFIYS,DRESLFYFN,27
51,sequences/prot-0035.fa,sequences/prot-0071.fa,neg,CTGKH,CHGTH,26
52,sequences/prot-0056.fa,sequences/prot-0826.fa,neg,NMC,NKC,18
53,sequences/prot-0075.fa,sequences/prot-0561.fa,neg,LVTLYERDEDNNLLTEKQKLRVK,LVVLDSQNNPAKELANVQDLTVR,27
54,sequences/prot-0093.fa,sequences/prot-0091.fa,neg,CLKGIARGIHNLNEDNA--RSIPPKC,CYDGAYRNDDETCEERAARIKIGPKC,35
55,sequences/prot-0110.fa,sequences/prot-0613.fa,neg,DPDEVARRWGERKSKPNMNYDKL,DADMVVITAGPR-QKPGQSRLEL,32
56,sequences/prot-0131.fa,sequences/prot-0547.fa,neg,HKEMAK-AFEEWNKTE--LDSFLIEITASILKFQDADGKHLLPK,HKVIASCFFEASTRTRLSFETSMHRLGASVVGFSDSANTSLGKK,45
57,sequences/prot-0148.fa,sequences/prot-0369.fa,neg,RMKQLEDKVEELLSKNYHLENE,RLTEIWGNGNEETSEVFPLKTK,19
58,sequences/prot-0166.fa,sequences/prot-0839.fa,neg,GKK,GKK,18
59,sequences/prot-0186.fa,sequences/prot-0014.fa,neg,DAPSQIEVKDV,DACEQAAIQCV,20
60,sequences/prot-0206.fa,sequences/prot-0313.fa,neg,PIGSAISRNNWAVTCDSAQSGNE,PLLYALSTGDKTLYIHDAESGEE,34
61,sequences/prot-0228.fa,sequences/prot-0121.fa,neg,IIG,IIG,17
62,sequences/prot-0244.fa,sequences/prot-0817.fa,neg,TVQELALKLKGK,STQAAIDQINGK,19
63,sequences/prot-0262.fa,sequences/prot-0540.fa,neg,WAQGGGVQLAKTGEETCPLTVVQSPNELSDG,WIVIGGHLDSTIGSHTNEQSVAPGADDDASG,29
64,sequences/prot-0286.fa,sequences/prot-0641.fa,neg,WSISYGDGSSSSGDV,WKITMNDGSTYQSDL,39
65,sequences/prot-0305.fa,sequences/prot-0785.fa,neg,MTIGAVNSRGE,LTLAAPEAAGE,24
66,sequences/prot-0326.fa,sequences/prot-0712.fa,neg,GSLAFVPSEFSISPGEKIVFKNNAGFPHNI-VFD,GSSKYPNCAYKTTQANKHIIVACEGNPYVPVHFD,26
67,sequences/prot-0346.fa,sequences/prot-0063.fa,neg,MTPIVFTNLAEGETVSIKASGSV,MKPVTLYDVAEYAGVSYQTVSRV,40
68,sequences/prot-0363.fa,sequences/prot-0345.fa,neg,GDALVVL,GDAEIVL,30
69,sequences/prot-0380.fa,sequences/prot-0553.fa,neg,SGRTSIVHLFE,SGLRKRVKVFQ,21
70,sequences/prot-0397.fa,sequences/prot-0470.fa,neg,KFGLFFLNFMNS-KRSSDQVI--EEMLDTAHYVDQLKFDTLA,KLGVDIDNLLCSQPDTGEQALEICDALARSGAVDVIVVDSVA,37
71,sequences/prot-0414.fa,sequences/prot-0903.fa,neg,CGICGE-HGGDPSSVEFC,CAVCNDYASGYHYGVWSC,31
72,sequences/prot-0431.fa,sequences/prot-0093.fa,neg,PDEAEQDC,PGPSGQCC,22
73,sequences/prot-0446.fa,sequences/prot-0424.fa,neg,WTP--AKIIDDAVARIREQVGDDKVILGLSGGVDSSVTAMLLH,WTKSVEYMAAQGVEHLY-EVGPGKVLTGLTKRIVDTLTASALN,51
74,sequences/prot-0469.fa,sequences/prot-0609.fa,neg,GYGGVKCVESGGPEPGVGCAGRGVI,GQLGIPTVLVEGQALGGTCLNIGCI,32
75,sequences/prot-0486.fa,sequences/prot-0314.fa,neg,RWLLAAAGVEFEEKF,RWINNDVL-IYERKF,25
76,sequences/prot-0503.fa,sequences/prot-0454.fa,neg,RPYALVVTEDDVISISANID,RIHYIQVRHEEVGAMAAAAD,26
77,sequences/prot-0520.fa,sequences/prot-0088.fa,neg,REYAYYDAEN,REAAQMDMVN,26
78,sequences/prot-0536.fa,sequences/prot-0452.fa,neg,LLPLTFAD-PADYNKIHPVDKLTIQGLKDFAPGKPLTCIIKHPNG,LIPLTTAEQVGKWAARHIVN--RINAFKPT-ADRP--FVLGLPTG,36
79,sequences/prot-0552.fa,sequences/prot-0460.fa,neg,INGEQIRSISDL-HQTLKKELA,VTGEALVQRSDDNADALKKRLA,36
80,sequences/prot-0571.fa,sequences/prot-0711.fa,neg,IDLGNEMCKRMQVKCTWVASD-FDALIPSLKAKKIDAIISSLSITDKRQQEIAFSDK-LYAADSRLIAAKG,IDLGWTVSDED-KKNTPXGSNFADWNGVSIAWKFVD-AISAVYTADKAPLETYKSGSMGPEASDKLLAANG,60
81,sequences/prot-0595.fa,sequences/prot-0503.fa,neg,AVKVGINGFGRIGRNVFRAALKNPDIEVVAV,ARRIGIEHDHLNLQNRDKLAARYPDAELVDV,40
82,sequences/prot-0616.fa,sequences/prot-0819.fa,neg,TKVSVVGAAGTVGAAAGYNIALRDIADEVVFVDIP,SNIFLTGAFGT--IASGPFXXXXXXXXXXXXLDIP,35
83,sequences/prot-0631.fa,sequences/prot-0386.fa,neg,IADQISDAVL,VTTSVSQAIL,25
84,sequences/prot-0648.fa,sequences/prot-0022.fa,neg,KDGLKQDARLLKVISYLDVGDGNYW,RESIKRENPGIKVTEVAKR-GGELW,30
85,sequences/prot-0665.fa,sequences/prot-0100.fa,neg,LSTPNQD-NPVMEGFTPIVGIDV--WEHAYYLKYQNR,LSAPEREHLASMIHLT-PTQVKIWFQNHRYKMKRQAK,52
86,sequences/prot-0682.fa,sequences/prot-0873.fa,neg,EAMDTCPVQC,ESSKPCCDQC,27
87,sequences/prot-0699.fa,sequences/prot-0760.fa,neg,QSSRYVNLALK,QSAAYVVMPMR,29
88,sequences/prot-0716.fa,sequences/prot-0710.fa,neg,APSNFANGVAEWIS,APSGTALAMGEAIA,28
89,sequences/prot-0734.fa,sequences/prot-0108.fa,neg,VPRLLTASERERL,VGRILKMLEDQNL,22
90,sequences/prot-0750.fa,sequences/prot-0875.fa,neg,DPEGNK,DPICNK,23
91,sequences/prot-0772.fa,sequences/prot-0886.fa,neg,KNDADMKPGQGYG,KNCAQVCQQEGWG,26
92,sequences/prot-0791.fa,sequences/prot-0245.fa,neg,ANMIYVVDFGMVK-FY-RDPVT,ATLIKAIDGDTVKLMYKGQPMT,33
93,sequences/prot-0805.fa,sequences/prot-0261.fa,neg,NGSKIFITNGGAADI,NTSPFVTSISGYSDL,23
94,sequences/prot-0821.fa,sequences/prot-0591.fa,neg,GKAV-GLHYFSK-GNGENSYGGNGDMTYARLGFKGETQIN,GMAKGAVHQLCQSLAGKNSGMPSGAAAIAVLPVTLDTPMN,33
95,sequences/prot-0843.fa,sequences/prot-0026.fa,neg,EKQVF,EQQGF,19
96,sequences/prot-0860.fa,sequences/prot-0510.fa,neg,MDSVCP,IDASSP,18
97,sequences/prot-0878.fa,sequences/prot-0524.fa,neg,CKG,CYG,19
98,sequences/prot-0900.fa,sequences/prot-0264.fa,neg,QACDICRLKKLKCSKEKPKCAKCLKNNWECRYSP,KSVSL-CVKRLIYTNDAGETIKGVCSNFLCDLKP,41
99,sequences/prot-0915.fa,sequences/prot-0407.fa,neg,QRWQSVLA,QAWDEQVA,22
